po_id,supplier_id,order_date,delivery_date,product_id,qty,status,cost
SPO00001,SUP_BANGKOK_DIST,2024-08-04,2024-06-10,SKU016,100,DELIVERED,66.1
SPO00002,SUP_GLOBAL_IMPORT,2023-02-23,2024-05-10,SKU050,100,DELIVERED,66.88
SPO00003,SUP_GLOBAL_IMPORT,2023-04-27,2023-05-16,SKU011,500,DELIVERED,25.12
SPO00004,SUP_GLOBAL_IMPORT,2023-07-12,2024-07-03,SKU072,500,DELIVERED,62.45
SPO00005,SUP_LOCAL_SME,2023-05-30,2023-08-15,SKU048,1000,DELIVERED,162.51
SPO00006,SUP_BANGKOK_DIST,2023-09-25,2023-09-04,SKU034,100,DELIVERED,267.89
SPO00007,SUP_GLOBAL_IMPORT,2024-09-28,2024-07-17,SKU021,1000,DELIVERED,132.18
SPO00008,SUP_BANGKOK_DIST,2024-01-14,2024-11-18,SKU063,100,DELIVERED,211.23
SPO00009,SUP_LOCAL_SME,2023-04-06,2024-01-04,SKU017,500,PENDING,94.3
SPO00010,SUP_LOCAL_SME,2024-07-31,2023-04-07,SKU034,200,DELIVERED,267.89
SPO00011,SUP_GLOBAL_IMPORT,2023-08-09,2024-11-06,SKU051,200,DELIVERED,235.12
SPO00012,SUP_GLOBAL_IMPORT,2024-01-19,2024-10-20,SKU067,1000,DELIVERED,59.2
SPO00013,SUP_GLOBAL_IMPORT,2023-02-21,2024-04-20,SKU024,500,DELIVERED,107.8
SPO00014,SUP_LOCAL_SME,2024-10-30,2023-07-02,SKU022,100,CANCELLED,59.46
SPO00015,SUP_LOCAL_SME,2023-01-01,2023-06-15,SKU010,1000,DELIVERED,182.27
SPO00016,SUP_GLOBAL_IMPORT,2023-03-21,2024-03-16,SKU005,1000,DELIVERED,55.56
SPO00017,SUP_LOCAL_SME,2023-04-21,2024-03-26,SKU031,100,DELIVERED,148.1
SPO00018,SUP_LOCAL_SME,2023-12-06,2024-06-18,SKU024,1000,DELIVERED,107.8
SPO00019,SUP_GLOBAL_IMPORT,2023-10-26,2024-06-13,SKU011,100,DELIVERED,25.12
SPO00020,SUP_LOCAL_SME,2024-02-05,2024-08-13,SKU051,500,PENDING,235.12
SPO00021,SUP_LOCAL_SME,2023-04-23,2024-12-08,SKU048,500,DELIVERED,162.51
SPO00022,SUP_BANGKOK_DIST,2024-05-01,2024-04-10,SKU078,200,DELIVERED,46.02
SPO00023,SUP_BANGKOK_DIST,2023-12-20,2024-02-13,SKU004,500,PENDING,131.82
SPO00024,SUP_BANGKOK_DIST,2024-06-27,2024-02-13,SKU008,100,DELIVERED,231.99
SPO00025,SUP_LOCAL_SME,2024-12-08,2023-06-26,SKU007,500,DELIVERED,41.57
SPO00026,SUP_LOCAL_SME,2024-12-26,2024-07-24,SKU032,500,DELIVERED,54.78
SPO00027,SUP_BANGKOK_DIST,2024-10-19,2024-09-15,SKU022,100,CANCELLED,59.46
SPO00028,SUP_BANGKOK_DIST,2023-03-03,2024-07-10,SKU036,100,DELIVERED,237.63
SPO00029,SUP_BANGKOK_DIST,2024-07-07,2023-01-06,SKU029,500,DELIVERED,141.12
SPO00030,SUP_GLOBAL_IMPORT,2023-02-19,2023-11-01,SKU068,1000,PENDING,205.72
SPO00031,SUP_BANGKOK_DIST,2023-08-10,2024-08-23,SKU061,500,DELIVERED,133.25
SPO00032,SUP_BANGKOK_DIST,2024-06-20,2023-11-28,SKU053,100,DELIVERED,200.44
SPO00033,SUP_BANGKOK_DIST,2024-06-05,2024-07-04,SKU072,100,DELIVERED,62.45
SPO00034,SUP_GLOBAL_IMPORT,2024-08-13,2023-05-23,SKU015,1000,DELIVERED,73.05
SPO00035,SUP_GLOBAL_IMPORT,2024-10-16,2023-12-22,SKU048,1000,DELIVERED,162.51
SPO00036,SUP_LOCAL_SME,2023-02-06,2024-05-08,SKU054,500,DELIVERED,211.63
SPO00037,SUP_BANGKOK_DIST,2023-10-20,2024-04-24,SKU068,500,DELIVERED,205.72
SPO00038,SUP_BANGKOK_DIST,2023-09-19,2024-03-24,SKU069,200,DELIVERED,34.28
SPO00039,SUP_LOCAL_SME,2024-10-15,2024-09-14,SKU064,100,DELIVERED,96.89
SPO00040,SUP_BANGKOK_DIST,2023-03-11,2024-01-29,SKU066,500,DELIVERED,119.85
SPO00041,SUP_LOCAL_SME,2023-03-04,2023-02-01,SKU050,100,DELIVERED,66.88
SPO00042,SUP_BANGKOK_DIST,2023-10-16,2023-07-18,SKU072,100,DELIVERED,62.45
SPO00043,SUP_BANGKOK_DIST,2023-03-04,2024-01-21,SKU047,100,DELIVERED,107.24
SPO00044,SUP_BANGKOK_DIST,2023-10-06,2024-06-30,SKU068,1000,DELIVERED,205.72
SPO00045,SUP_LOCAL_SME,2023-09-05,2023-11-23,SKU013,100,DELIVERED,234.45
SPO00046,SUP_LOCAL_SME,2023-03-07,2023-03-23,SKU014,500,DELIVERED,74.56
SPO00047,SUP_LOCAL_SME,2023-12-23,2023-10-27,SKU009,200,DELIVERED,185.07
SPO00048,SUP_LOCAL_SME,2024-02-20,2024-03-29,SKU028,1000,DELIVERED,155.09
SPO00049,SUP_LOCAL_SME,2024-01-30,2024-02-05,SKU038,200,DELIVERED,41.09
SPO00050,SUP_GLOBAL_IMPORT,2024-06-05,2024-05-15,SKU012,500,DELIVERED,263.98
SPO00051,SUP_LOCAL_SME,2023-12-15,2024-08-22,SKU013,1000,PENDING,234.45
SPO00052,SUP_BANGKOK_DIST,2023-03-19,2024-08-10,SKU021,200,DELIVERED,132.18
SPO00053,SUP_GLOBAL_IMPORT,2024-12-04,2023-05-29,SKU055,1000,DELIVERED,187.79
SPO00054,SUP_GLOBAL_IMPORT,2023-08-07,2024-01-01,SKU038,100,DELIVERED,41.09
SPO00055,SUP_GLOBAL_IMPORT,2023-12-05,2023-12-28,SKU052,500,DELIVERED,177.24
SPO00056,SUP_GLOBAL_IMPORT,2023-07-15,2024-07-07,SKU026,500,DELIVERED,181.44
SPO00057,SUP_LOCAL_SME,2024-06-18,2024-03-29,SKU022,500,DELIVERED,59.46
SPO00058,SUP_BANGKOK_DIST,2024-10-11,2024-10-27,SKU051,100,DELIVERED,235.12
SPO00059,SUP_LOCAL_SME,2024-11-01,2023-11-18,SKU072,100,DELIVERED,62.45
SPO00060,SUP_LOCAL_SME,2023-04-16,2024-03-16,SKU037,100,DELIVERED,104.9
SPO00061,SUP_GLOBAL_IMPORT,2023-10-09,2023-03-06,SKU045,500,CANCELLED,74.17
SPO00062,SUP_LOCAL_SME,2024-06-11,2024-01-07,SKU077,100,DELIVERED,212.2
SPO00063,SUP_GLOBAL_IMPORT,2024-10-23,2023-01-12,SKU037,500,DELIVERED,104.9
SPO00064,SUP_LOCAL_SME,2023-08-11,2024-09-12,SKU014,1000,PENDING,74.56
SPO00065,SUP_GLOBAL_IMPORT,2024-05-03,2023-09-30,SKU018,1000,DELIVERED,138.92
SPO00066,SUP_GLOBAL_IMPORT,2023-11-14,2024-09-07,SKU007,100,DELIVERED,41.57
SPO00067,SUP_GLOBAL_IMPORT,2024-04-14,2024-10-18,SKU074,100,DELIVERED,207.6
SPO00068,SUP_GLOBAL_IMPORT,2023-11-24,2024-06-24,SKU060,100,DELIVERED,116.73
SPO00069,SUP_LOCAL_SME,2023-12-27,2024-08-02,SKU058,1000,DELIVERED,74.71
SPO00070,SUP_LOCAL_SME,2024-06-01,2023-12-31,SKU055,100,PENDING,187.79
SPO00071,SUP_BANGKOK_DIST,2023-02-21,2024-04-21,SKU034,1000,DELIVERED,267.89
SPO00072,SUP_BANGKOK_DIST,2023-07-21,2024-10-06,SKU045,200,DELIVERED,74.17
SPO00073,SUP_GLOBAL_IMPORT,2023-02-13,2024-10-21,SKU003,100,DELIVERED,176.87
SPO00074,SUP_BANGKOK_DIST,2024-10-01,2023-05-31,SKU040,200,DELIVERED,125.99
SPO00075,SUP_BANGKOK_DIST,2024-10-16,2023-07-22,SKU076,500,DELIVERED,169.52
SPO00076,SUP_GLOBAL_IMPORT,2023-01-13,2023-05-09,SKU053,500,DELIVERED,200.44
SPO00077,SUP_GLOBAL_IMPORT,2023-04-16,2023-06-07,SKU031,1000,PENDING,148.1
SPO00078,SUP_GLOBAL_IMPORT,2024-02-17,2024-10-12,SKU023,1000,DELIVERED,84.0
SPO00079,SUP_BANGKOK_DIST,2024-06-12,2023-03-14,SKU072,1000,DELIVERED,62.45
SPO00080,SUP_GLOBAL_IMPORT,2023-11-22,2024-06-08,SKU065,200,PENDING,80.62
SPO00081,SUP_BANGKOK_DIST,2024-01-26,2024-10-04,SKU055,500,DELIVERED,187.79
SPO00082,SUP_GLOBAL_IMPORT,2023-10-16,2024-05-24,SKU079,1000,DELIVERED,94.57
SPO00083,SUP_GLOBAL_IMPORT,2024-04-03,2023-07-01,SKU012,1000,DELIVERED,263.98
SPO00084,SUP_LOCAL_SME,2023-04-23,2023-01-29,SKU001,100,DELIVERED,125.14
SPO00085,SUP_LOCAL_SME,2024-05-13,2024-11-15,SKU011,200,DELIVERED,25.12
SPO00086,SUP_GLOBAL_IMPORT,2024-04-06,2024-09-11,SKU051,200,DELIVERED,235.12
SPO00087,SUP_LOCAL_SME,2024-07-16,2023-06-05,SKU066,500,DELIVERED,119.85
SPO00088,SUP_LOCAL_SME,2023-09-26,2023-06-18,SKU045,500,DELIVERED,74.17
SPO00089,SUP_LOCAL_SME,2023-02-06,2023-07-18,SKU072,1000,DELIVERED,62.45
SPO00090,SUP_LOCAL_SME,2023-04-04,2024-09-14,SKU031,200,DELIVERED,148.1
SPO00091,SUP_BANGKOK_DIST,2024-09-14,2023-05-09,SKU053,500,DELIVERED,200.44
SPO00092,SUP_LOCAL_SME,2023-02-08,2024-07-30,SKU045,200,DELIVERED,74.17
SPO00093,SUP_GLOBAL_IMPORT,2023-06-08,2024-02-01,SKU067,1000,PENDING,59.2
SPO00094,SUP_LOCAL_SME,2024-04-18,2023-02-14,SKU041,1000,DELIVERED,58.91
SPO00095,SUP_GLOBAL_IMPORT,2024-11-03,2024-06-01,SKU028,1000,DELIVERED,155.09
SPO00096,SUP_BANGKOK_DIST,2023-04-16,2023-07-22,SKU062,1000,PENDING,77.51
SPO00097,SUP_GLOBAL_IMPORT,2024-02-19,2023-05-24,SKU002,200,PENDING,250.69
SPO00098,SUP_GLOBAL_IMPORT,2024-09-12,2023-07-01,SKU072,1000,DELIVERED,62.45
SPO00099,SUP_LOCAL_SME,2024-06-23,2024-11-04,SKU065,200,DELIVERED,80.62
SPO00100,SUP_GLOBAL_IMPORT,2024-12-11,2024-03-12,SKU021,100,DELIVERED,132.18
SPO00101,SUP_GLOBAL_IMPORT,2024-07-26,2023-09-30,SKU015,1000,DELIVERED,73.05
SPO00102,SUP_BANGKOK_DIST,2024-10-23,2024-08-15,SKU055,100,DELIVERED,187.79
SPO00103,SUP_BANGKOK_DIST,2024-12-21,2024-01-11,SKU008,500,DELIVERED,231.99
SPO00104,SUP_LOCAL_SME,2023-07-29,2024-05-02,SKU020,1000,DELIVERED,76.33
SPO00105,SUP_BANGKOK_DIST,2024-05-10,2024-10-16,SKU077,200,PENDING,212.2
SPO00106,SUP_BANGKOK_DIST,2024-12-19,2023-02-02,SKU064,500,DELIVERED,96.89
SPO00107,SUP_GLOBAL_IMPORT,2023-04-16,2023-12-06,SKU039,1000,DELIVERED,207.05
SPO00108,SUP_LOCAL_SME,2024-03-22,2024-12-09,SKU007,100,DELIVERED,41.57
SPO00109,SUP_LOCAL_SME,2023-04-06,2024-10-23,SKU057,500,DELIVERED,45.25
SPO00110,SUP_GLOBAL_IMPORT,2023-04-20,2023-11-14,SKU075,200,DELIVERED,219.8
SPO00111,SUP_BANGKOK_DIST,2024-01-10,2024-11-16,SKU031,200,DELIVERED,148.1
SPO00112,SUP_BANGKOK_DIST,2024-06-12,2024-01-17,SKU034,100,DELIVERED,267.89
SPO00113,SUP_BANGKOK_DIST,2024-02-03,2024-11-30,SKU075,200,DELIVERED,219.8
SPO00114,SUP_LOCAL_SME,2024-03-10,2023-09-21,SKU051,1000,DELIVERED,235.12
SPO00115,SUP_GLOBAL_IMPORT,2024-06-13,2024-01-31,SKU056,500,DELIVERED,215.98
SPO00116,SUP_GLOBAL_IMPORT,2024-03-08,2024-05-22,SKU029,1000,DELIVERED,141.12
SPO00117,SUP_BANGKOK_DIST,2023-04-26,2024-01-13,SKU063,200,DELIVERED,211.23
SPO00118,SUP_LOCAL_SME,2023-03-29,2023-11-12,SKU033,100,DELIVERED,46.45
SPO00119,SUP_GLOBAL_IMPORT,2024-08-05,2024-01-20,SKU045,1000,PENDING,74.17
SPO00120,SUP_BANGKOK_DIST,2024-08-07,2023-09-22,SKU006,200,DELIVERED,55.9
SPO00121,SUP_BANGKOK_DIST,2024-04-26,2023-03-13,SKU037,100,DELIVERED,104.9
SPO00122,SUP_GLOBAL_IMPORT,2024-01-30,2024-02-01,SKU053,1000,DELIVERED,200.44
SPO00123,SUP_GLOBAL_IMPORT,2024-03-25,2024-03-21,SKU002,200,DELIVERED,250.69
SPO00124,SUP_GLOBAL_IMPORT,2023-12-31,2024-07-10,SKU057,100,DELIVERED,45.25
SPO00125,SUP_LOCAL_SME,2024-08-16,2024-03-08,SKU051,100,DELIVERED,235.12
SPO00126,SUP_BANGKOK_DIST,2024-12-30,2024-06-13,SKU039,1000,DELIVERED,207.05
SPO00127,SUP_GLOBAL_IMPORT,2024-06-17,2024-11-20,SKU022,1000,DELIVERED,59.46
SPO00128,SUP_LOCAL_SME,2023-07-26,2023-10-08,SKU079,200,DELIVERED,94.57
SPO00129,SUP_LOCAL_SME,2024-11-10,2023-07-27,SKU043,500,PENDING,30.35
SPO00130,SUP_GLOBAL_IMPORT,2023-07-23,2024-08-05,SKU038,1000,DELIVERED,41.09
SPO00131,SUP_GLOBAL_IMPORT,2023-06-13,2023-08-30,SKU064,1000,DELIVERED,96.89
SPO00132,SUP_GLOBAL_IMPORT,2024-02-28,2024-01-04,SKU037,100,PENDING,104.9
SPO00133,SUP_GLOBAL_IMPORT,2023-03-09,2024-07-19,SKU038,200,DELIVERED,41.09
SPO00134,SUP_LOCAL_SME,2024-05-02,2024-10-10,SKU071,500,DELIVERED,231.21
SPO00135,SUP_GLOBAL_IMPORT,2023-02-12,2024-03-07,SKU031,500,DELIVERED,148.1
SPO00136,SUP_BANGKOK_DIST,2023-11-25,2023-08-15,SKU044,1000,DELIVERED,193.78
SPO00137,SUP_BANGKOK_DIST,2023-01-29,2024-02-10,SKU014,500,DELIVERED,74.56
SPO00138,SUP_GLOBAL_IMPORT,2023-12-07,2024-06-18,SKU052,500,DELIVERED,177.24
SPO00139,SUP_GLOBAL_IMPORT,2024-07-03,2023-09-07,SKU067,100,DELIVERED,59.2
SPO00140,SUP_LOCAL_SME,2023-08-01,2023-02-07,SKU005,100,DELIVERED,55.56
SPO00141,SUP_BANGKOK_DIST,2024-01-19,2024-04-21,SKU042,100,DELIVERED,158.03
SPO00142,SUP_BANGKOK_DIST,2023-07-14,2024-01-15,SKU007,1000,DELIVERED,41.57
SPO00143,SUP_LOCAL_SME,2023-09-19,2024-04-29,SKU018,500,PENDING,138.92
SPO00144,SUP_GLOBAL_IMPORT,2024-01-01,2024-06-10,SKU057,100,PENDING,45.25
SPO00145,SUP_LOCAL_SME,2024-10-21,2023-10-28,SKU074,200,DELIVERED,207.6
SPO00146,SUP_LOCAL_SME,2024-07-06,2023-06-19,SKU044,500,PENDING,193.78
SPO00147,SUP_BANGKOK_DIST,2023-03-10,2024-02-29,SKU061,200,PENDING,133.25
SPO00148,SUP_LOCAL_SME,2024-08-25,2024-07-31,SKU063,500,DELIVERED,211.23
SPO00149,SUP_BANGKOK_DIST,2023-12-23,2024-11-10,SKU032,200,PENDING,54.78
SPO00150,SUP_BANGKOK_DIST,2024-03-08,2023-09-19,SKU028,200,DELIVERED,155.09
SPO00151,SUP_LOCAL_SME,2023-12-02,2023-09-14,SKU004,1000,DELIVERED,131.82
SPO00152,SUP_LOCAL_SME,2024-03-26,2024-03-22,SKU015,200,DELIVERED,73.05
SPO00153,SUP_GLOBAL_IMPORT,2024-12-23,2024-12-12,SKU002,100,DELIVERED,250.69
SPO00154,SUP_BANGKOK_DIST,2023-06-03,2024-07-04,SKU023,100,DELIVERED,84.0
SPO00155,SUP_LOCAL_SME,2024-07-12,2024-01-02,SKU059,500,DELIVERED,33.26
SPO00156,SUP_BANGKOK_DIST,2024-01-14,2023-11-13,SKU023,100,DELIVERED,84.0
SPO00157,SUP_LOCAL_SME,2023-09-10,2023-03-07,SKU026,1000,DELIVERED,181.44
SPO00158,SUP_LOCAL_SME,2024-01-09,2023-02-08,SKU034,100,PENDING,267.89
SPO00159,SUP_GLOBAL_IMPORT,2023-09-03,2023-07-05,SKU013,1000,DELIVERED,234.45
SPO00160,SUP_GLOBAL_IMPORT,2023-09-11,2023-10-08,SKU040,100,DELIVERED,125.99
SPO00161,SUP_GLOBAL_IMPORT,2024-08-15,2024-04-22,SKU051,1000,DELIVERED,235.12
SPO00162,SUP_LOCAL_SME,2024-11-02,2023-01-11,SKU010,500,DELIVERED,182.27
SPO00163,SUP_GLOBAL_IMPORT,2024-08-30,2024-04-16,SKU039,500,DELIVERED,207.05
SPO00164,SUP_BANGKOK_DIST,2024-06-05,2023-10-18,SKU004,100,DELIVERED,131.82
SPO00165,SUP_BANGKOK_DIST,2023-06-17,2024-09-12,SKU052,500,DELIVERED,177.24
SPO00166,SUP_LOCAL_SME,2023-10-17,2024-08-05,SKU056,500,DELIVERED,215.98
SPO00167,SUP_GLOBAL_IMPORT,2023-06-13,2024-12-19,SKU027,500,DELIVERED,67.42
SPO00168,SUP_LOCAL_SME,2024-02-02,2024-04-05,SKU008,100,DELIVERED,231.99
SPO00169,SUP_LOCAL_SME,2024-02-14,2024-05-19,SKU053,1000,DELIVERED,200.44
SPO00170,SUP_BANGKOK_DIST,2024-11-06,2024-08-31,SKU013,100,DELIVERED,234.45
SPO00171,SUP_GLOBAL_IMPORT,2023-05-26,2023-10-11,SKU046,200,DELIVERED,168.99
SPO00172,SUP_BANGKOK_DIST,2023-04-07,2023-12-27,SKU036,1000,DELIVERED,237.63
SPO00173,SUP_GLOBAL_IMPORT,2024-04-24,2024-10-12,SKU043,200,DELIVERED,30.35
SPO00174,SUP_GLOBAL_IMPORT,2024-12-18,2023-01-08,SKU035,200,CANCELLED,255.19
SPO00175,SUP_LOCAL_SME,2024-05-08,2024-07-31,SKU051,500,DELIVERED,235.12
SPO00176,SUP_GLOBAL_IMPORT,2023-12-10,2023-03-11,SKU063,1000,DELIVERED,211.23
SPO00177,SUP_GLOBAL_IMPORT,2024-07-26,2023-05-26,SKU068,1000,DELIVERED,205.72
SPO00178,SUP_LOCAL_SME,2023-02-14,2024-07-30,SKU013,200,DELIVERED,234.45
SPO00179,SUP_BANGKOK_DIST,2023-03-10,2023-04-27,SKU047,200,DELIVERED,107.24
SPO00180,SUP_BANGKOK_DIST,2024-11-28,2023-02-16,SKU006,500,DELIVERED,55.9
SPO00181,SUP_BANGKOK_DIST,2023-12-05,2023-05-23,SKU018,500,DELIVERED,138.92
SPO00182,SUP_GLOBAL_IMPORT,2024-07-06,2024-12-21,SKU008,100,PENDING,231.99
SPO00183,SUP_GLOBAL_IMPORT,2023-10-02,2023-01-09,SKU041,1000,DELIVERED,58.91
SPO00184,SUP_LOCAL_SME,2024-03-11,2023-12-20,SKU061,200,PENDING,133.25
SPO00185,SUP_LOCAL_SME,2024-03-14,2024-11-07,SKU020,100,DELIVERED,76.33
SPO00186,SUP_LOCAL_SME,2024-07-15,2024-07-31,SKU056,500,DELIVERED,215.98
SPO00187,SUP_BANGKOK_DIST,2024-05-11,2023-11-19,SKU002,200,DELIVERED,250.69
SPO00188,SUP_GLOBAL_IMPORT,2024-09-11,2023-12-21,SKU066,1000,PENDING,119.85
SPO00189,SUP_LOCAL_SME,2023-08-02,2023-03-11,SKU032,200,DELIVERED,54.78
SPO00190,SUP_GLOBAL_IMPORT,2023-01-05,2024-04-26,SKU022,200,DELIVERED,59.46
SPO00191,SUP_LOCAL_SME,2023-07-27,2023-10-06,SKU041,100,PENDING,58.91
SPO00192,SUP_LOCAL_SME,2023-01-07,2024-12-11,SKU010,200,DELIVERED,182.27
SPO00193,SUP_BANGKOK_DIST,2023-06-05,2024-12-04,SKU039,100,DELIVERED,207.05
SPO00194,SUP_BANGKOK_DIST,2024-06-11,2023-08-23,SKU045,100,DELIVERED,74.17
SPO00195,SUP_GLOBAL_IMPORT,2023-12-16,2024-10-01,SKU005,500,DELIVERED,55.56
SPO00196,SUP_GLOBAL_IMPORT,2023-07-29,2023-07-14,SKU012,200,DELIVERED,263.98
SPO00197,SUP_LOCAL_SME,2023-06-11,2023-04-15,SKU032,100,DELIVERED,54.78
SPO00198,SUP_BANGKOK_DIST,2024-04-18,2023-05-29,SKU040,200,PENDING,125.99
SPO00199,SUP_GLOBAL_IMPORT,2023-07-03,2024-11-07,SKU018,1000,DELIVERED,138.92
SPO00200,SUP_BANGKOK_DIST,2024-05-05,2024-08-14,SKU074,200,DELIVERED,207.6
SPO00201,SUP_GLOBAL_IMPORT,2024-01-29,2023-10-12,SKU064,500,DELIVERED,96.89
SPO00202,SUP_GLOBAL_IMPORT,2024-03-16,2024-02-19,SKU001,100,DELIVERED,125.14
SPO00203,SUP_BANGKOK_DIST,2024-08-29,2023-07-14,SKU053,100,CANCELLED,200.44
SPO00204,SUP_GLOBAL_IMPORT,2024-07-27,2023-10-01,SKU042,1000,DELIVERED,158.03
SPO00205,SUP_GLOBAL_IMPORT,2024-10-24,2024-07-23,SKU038,500,DELIVERED,41.09
SPO00206,SUP_BANGKOK_DIST,2023-08-16,2024-11-27,SKU017,100,DELIVERED,94.3
SPO00207,SUP_BANGKOK_DIST,2023-09-19,2023-07-14,SKU062,1000,DELIVERED,77.51
SPO00208,SUP_GLOBAL_IMPORT,2023-11-21,2023-12-21,SKU028,100,PENDING,155.09
SPO00209,SUP_GLOBAL_IMPORT,2023-03-13,2024-12-11,SKU022,100,DELIVERED,59.46
SPO00210,SUP_BANGKOK_DIST,2024-10-15,2024-06-24,SKU046,500,DELIVERED,168.99
SPO00211,SUP_GLOBAL_IMPORT,2024-01-15,2024-05-25,SKU038,1000,DELIVERED,41.09
SPO00212,SUP_GLOBAL_IMPORT,2024-12-28,2024-06-28,SKU032,100,PENDING,54.78
SPO00213,SUP_GLOBAL_IMPORT,2023-03-04,2024-07-28,SKU055,200,DELIVERED,187.79
SPO00214,SUP_LOCAL_SME,2023-06-18,2024-11-28,SKU009,1000,CANCELLED,185.07
SPO00215,SUP_BANGKOK_DIST,2023-11-24,2023-12-27,SKU050,500,DELIVERED,66.88
SPO00216,SUP_LOCAL_SME,2023-05-09,2023-12-19,SKU037,500,DELIVERED,104.9
SPO00217,SUP_LOCAL_SME,2024-06-14,2023-09-30,SKU065,500,DELIVERED,80.62
SPO00218,SUP_LOCAL_SME,2024-01-15,2024-03-19,SKU079,100,DELIVERED,94.57
SPO00219,SUP_LOCAL_SME,2023-11-04,2024-09-17,SKU044,500,DELIVERED,193.78
SPO00220,SUP_GLOBAL_IMPORT,2024-03-12,2023-03-30,SKU060,1000,DELIVERED,116.73
SPO00221,SUP_LOCAL_SME,2023-04-20,2023-08-30,SKU029,100,DELIVERED,141.12
SPO00222,SUP_LOCAL_SME,2023-09-02,2023-04-09,SKU063,200,PENDING,211.23
SPO00223,SUP_BANGKOK_DIST,2023-01-05,2024-05-10,SKU076,500,PENDING,169.52
SPO00224,SUP_GLOBAL_IMPORT,2024-07-11,2023-11-12,SKU026,500,DELIVERED,181.44
SPO00225,SUP_GLOBAL_IMPORT,2024-04-23,2024-01-06,SKU045,500,DELIVERED,74.17
SPO00226,SUP_BANGKOK_DIST,2023-07-15,2024-12-04,SKU035,200,DELIVERED,255.19
SPO00227,SUP_GLOBAL_IMPORT,2023-01-08,2024-12-11,SKU078,100,DELIVERED,46.02
SPO00228,SUP_GLOBAL_IMPORT,2024-07-02,2024-12-18,SKU007,500,DELIVERED,41.57
SPO00229,SUP_BANGKOK_DIST,2024-07-31,2024-03-06,SKU067,200,DELIVERED,59.2
SPO00230,SUP_GLOBAL_IMPORT,2024-04-28,2024-05-03,SKU053,100,DELIVERED,200.44
SPO00231,SUP_LOCAL_SME,2023-05-09,2024-07-12,SKU041,1000,DELIVERED,58.91
SPO00232,SUP_LOCAL_SME,2023-01-09,2024-03-06,SKU004,500,DELIVERED,131.82
SPO00233,SUP_LOCAL_SME,2024-10-16,2023-07-27,SKU002,100,DELIVERED,250.69
SPO00234,SUP_BANGKOK_DIST,2024-04-12,2024-04-01,SKU035,500,PENDING,255.19
SPO00235,SUP_GLOBAL_IMPORT,2023-08-18,2024-02-01,SKU033,200,PENDING,46.45
SPO00236,SUP_GLOBAL_IMPORT,2024-07-22,2023-05-26,SKU050,100,DELIVERED,66.88
SPO00237,SUP_GLOBAL_IMPORT,2023-06-20,2024-11-18,SKU013,200,DELIVERED,234.45
SPO00238,SUP_GLOBAL_IMPORT,2024-05-10,2024-05-06,SKU007,500,DELIVERED,41.57
SPO00239,SUP_BANGKOK_DIST,2024-05-01,2024-03-16,SKU039,1000,DELIVERED,207.05
SPO00240,SUP_GLOBAL_IMPORT,2024-04-25,2023-06-25,SKU049,200,DELIVERED,118.82
SPO00241,SUP_BANGKOK_DIST,2024-04-11,2023-09-23,SKU003,100,DELIVERED,176.87
SPO00242,SUP_LOCAL_SME,2023-04-29,2023-07-02,SKU017,100,PENDING,94.3
SPO00243,SUP_BANGKOK_DIST,2023-05-04,2023-02-05,SKU025,500,DELIVERED,148.42
SPO00244,SUP_GLOBAL_IMPORT,2024-05-28,2023-09-27,SKU014,100,DELIVERED,74.56
SPO00245,SUP_BANGKOK_DIST,2023-10-27,2023-05-08,SKU005,500,DELIVERED,55.56
SPO00246,SUP_GLOBAL_IMPORT,2023-05-24,2024-11-06,SKU071,200,PENDING,231.21
SPO00247,SUP_BANGKOK_DIST,2023-11-23,2024-02-09,SKU033,1000,DELIVERED,46.45
SPO00248,SUP_GLOBAL_IMPORT,2023-05-12,2023-01-21,SKU051,200,DELIVERED,235.12
SPO00249,SUP_LOCAL_SME,2024-12-10,2024-09-30,SKU017,200,DELIVERED,94.3
SPO00250,SUP_LOCAL_SME,2024-05-07,2024-03-16,SKU061,500,DELIVERED,133.25
SPO00251,SUP_BANGKOK_DIST,2024-10-30,2023-08-30,SKU031,1000,DELIVERED,148.1
SPO00252,SUP_LOCAL_SME,2024-05-31,2024-09-14,SKU015,200,PENDING,73.05
SPO00253,SUP_GLOBAL_IMPORT,2024-02-04,2023-09-06,SKU040,500,DELIVERED,125.99
SPO00254,SUP_LOCAL_SME,2023-07-23,2023-09-04,SKU065,200,DELIVERED,80.62
SPO00255,SUP_LOCAL_SME,2023-01-02,2024-09-08,SKU020,200,DELIVERED,76.33
SPO00256,SUP_LOCAL_SME,2024-09-09,2023-03-22,SKU034,100,DELIVERED,267.89
SPO00257,SUP_LOCAL_SME,2023-03-04,2024-05-22,SKU065,200,DELIVERED,80.62
SPO00258,SUP_GLOBAL_IMPORT,2023-01-09,2023-11-19,SKU032,1000,DELIVERED,54.78
SPO00259,SUP_LOCAL_SME,2024-03-29,2023-02-10,SKU022,200,DELIVERED,59.46
SPO00260,SUP_LOCAL_SME,2023-03-26,2023-12-11,SKU062,500,DELIVERED,77.51
SPO00261,SUP_BANGKOK_DIST,2023-05-30,2024-09-28,SKU045,100,DELIVERED,74.17
SPO00262,SUP_GLOBAL_IMPORT,2023-03-16,2024-07-09,SKU011,500,DELIVERED,25.12
SPO00263,SUP_BANGKOK_DIST,2023-02-19,2023-05-16,SKU033,1000,DELIVERED,46.45
SPO00264,SUP_BANGKOK_DIST,2023-05-25,2024-12-28,SKU038,200,DELIVERED,41.09
SPO00265,SUP_BANGKOK_DIST,2023-10-13,2024-03-09,SKU065,200,DELIVERED,80.62
SPO00266,SUP_LOCAL_SME,2023-05-25,2023-08-29,SKU063,100,PENDING,211.23
SPO00267,SUP_LOCAL_SME,2023-07-18,2023-04-16,SKU038,200,PENDING,41.09
SPO00268,SUP_BANGKOK_DIST,2023-10-30,2023-08-13,SKU073,500,DELIVERED,22.51
SPO00269,SUP_GLOBAL_IMPORT,2024-11-22,2023-08-29,SKU013,500,DELIVERED,234.45
SPO00270,SUP_GLOBAL_IMPORT,2023-10-25,2024-07-29,SKU048,100,DELIVERED,162.51
SPO00271,SUP_BANGKOK_DIST,2024-05-15,2023-02-13,SKU024,200,DELIVERED,107.8
SPO00272,SUP_GLOBAL_IMPORT,2023-08-10,2024-06-02,SKU036,100,DELIVERED,237.63
SPO00273,SUP_BANGKOK_DIST,2024-11-25,2023-04-10,SKU020,1000,DELIVERED,76.33
SPO00274,SUP_LOCAL_SME,2023-02-23,2023-11-02,SKU043,200,CANCELLED,30.35
SPO00275,SUP_LOCAL_SME,2023-12-24,2023-06-07,SKU057,200,DELIVERED,45.25
SPO00276,SUP_LOCAL_SME,2024-11-05,2023-06-02,SKU065,200,DELIVERED,80.62
SPO00277,SUP_GLOBAL_IMPORT,2024-05-10,2024-09-17,SKU060,1000,DELIVERED,116.73
SPO00278,SUP_BANGKOK_DIST,2024-12-09,2024-02-19,SKU043,1000,DELIVERED,30.35
SPO00279,SUP_GLOBAL_IMPORT,2024-11-09,2024-01-13,SKU065,1000,DELIVERED,80.62
SPO00280,SUP_GLOBAL_IMPORT,2024-04-02,2024-11-29,SKU046,500,DELIVERED,168.99
SPO00281,SUP_LOCAL_SME,2024-04-25,2024-07-23,SKU062,100,CANCELLED,77.51
SPO00282,SUP_GLOBAL_IMPORT,2023-04-07,2023-09-03,SKU070,500,CANCELLED,225.18
SPO00283,SUP_BANGKOK_DIST,2024-09-25,2023-09-14,SKU026,1000,DELIVERED,181.44
SPO00284,SUP_GLOBAL_IMPORT,2024-12-29,2023-05-21,SKU029,500,DELIVERED,141.12
SPO00285,SUP_LOCAL_SME,2024-03-13,2024-01-10,SKU041,500,DELIVERED,58.91
SPO00286,SUP_GLOBAL_IMPORT,2023-05-04,2024-04-02,SKU015,100,DELIVERED,73.05
SPO00287,SUP_BANGKOK_DIST,2024-11-25,2024-04-25,SKU019,1000,DELIVERED,98.99
SPO00288,SUP_GLOBAL_IMPORT,2024-08-16,2024-09-18,SKU073,500,DELIVERED,22.51
SPO00289,SUP_BANGKOK_DIST,2024-08-19,2023-03-09,SKU059,500,DELIVERED,33.26
SPO00290,SUP_BANGKOK_DIST,2024-10-08,2023-12-10,SKU028,200,DELIVERED,155.09
SPO00291,SUP_LOCAL_SME,2024-05-01,2024-08-29,SKU015,200,PENDING,73.05
SPO00292,SUP_LOCAL_SME,2023-04-21,2023-10-27,SKU058,1000,DELIVERED,74.71
SPO00293,SUP_LOCAL_SME,2024-01-21,2023-09-25,SKU053,500,DELIVERED,200.44
SPO00294,SUP_LOCAL_SME,2024-01-09,2023-04-04,SKU042,1000,DELIVERED,158.03
SPO00295,SUP_LOCAL_SME,2024-12-27,2024-12-28,SKU028,100,CANCELLED,155.09
SPO00296,SUP_BANGKOK_DIST,2024-09-16,2024-10-28,SKU073,1000,DELIVERED,22.51
SPO00297,SUP_BANGKOK_DIST,2024-03-20,2023-09-17,SKU019,1000,DELIVERED,98.99
SPO00298,SUP_BANGKOK_DIST,2023-12-25,2024-09-25,SKU071,500,DELIVERED,231.21
SPO00299,SUP_BANGKOK_DIST,2024-02-13,2023-08-21,SKU077,100,CANCELLED,212.2
SPO00300,SUP_GLOBAL_IMPORT,2024-02-17,2023-02-16,SKU002,1000,PENDING,250.69
SPO00301,SUP_BANGKOK_DIST,2024-04-11,2024-11-02,SKU018,200,DELIVERED,138.92
SPO00302,SUP_LOCAL_SME,2024-02-21,2024-11-17,SKU040,100,DELIVERED,125.99
SPO00303,SUP_BANGKOK_DIST,2023-10-31,2024-05-15,SKU053,500,DELIVERED,200.44
SPO00304,SUP_GLOBAL_IMPORT,2023-02-11,2023-05-09,SKU008,200,DELIVERED,231.99
SPO00305,SUP_GLOBAL_IMPORT,2024-09-13,2024-10-21,SKU009,100,DELIVERED,185.07
SPO00306,SUP_LOCAL_SME,2024-09-16,2023-11-27,SKU077,500,DELIVERED,212.2
SPO00307,SUP_GLOBAL_IMPORT,2024-11-28,2024-02-25,SKU021,500,DELIVERED,132.18
SPO00308,SUP_GLOBAL_IMPORT,2024-01-22,2024-12-06,SKU044,100,DELIVERED,193.78
SPO00309,SUP_LOCAL_SME,2024-06-20,2023-05-05,SKU060,100,DELIVERED,116.73
SPO00310,SUP_BANGKOK_DIST,2023-08-29,2024-04-29,SKU071,100,DELIVERED,231.21
SPO00311,SUP_GLOBAL_IMPORT,2023-07-19,2023-05-15,SKU031,500,DELIVERED,148.1
SPO00312,SUP_GLOBAL_IMPORT,2023-10-22,2023-12-16,SKU013,200,DELIVERED,234.45
SPO00313,SUP_BANGKOK_DIST,2023-09-30,2024-04-10,SKU045,200,PENDING,74.17
SPO00314,SUP_LOCAL_SME,2023-01-17,2023-06-21,SKU002,500,DELIVERED,250.69
SPO00315,SUP_GLOBAL_IMPORT,2023-01-18,2023-04-30,SKU034,100,DELIVERED,267.89
SPO00316,SUP_GLOBAL_IMPORT,2024-09-21,2023-06-01,SKU069,500,DELIVERED,34.28
SPO00317,SUP_LOCAL_SME,2024-12-31,2024-09-23,SKU066,500,DELIVERED,119.85
SPO00318,SUP_GLOBAL_IMPORT,2024-01-11,2023-03-03,SKU062,500,CANCELLED,77.51
SPO00319,SUP_BANGKOK_DIST,2023-06-05,2024-06-04,SKU047,500,DELIVERED,107.24
SPO00320,SUP_GLOBAL_IMPORT,2023-06-15,2023-08-29,SKU002,200,DELIVERED,250.69
SPO00321,SUP_GLOBAL_IMPORT,2023-10-16,2023-06-12,SKU072,100,DELIVERED,62.45
SPO00322,SUP_GLOBAL_IMPORT,2023-05-22,2023-04-17,SKU037,500,DELIVERED,104.9
SPO00323,SUP_BANGKOK_DIST,2024-11-21,2024-07-20,SKU080,500,DELIVERED,55.73
SPO00324,SUP_BANGKOK_DIST,2024-01-24,2024-02-17,SKU063,100,DELIVERED,211.23
SPO00325,SUP_GLOBAL_IMPORT,2024-11-29,2023-03-23,SKU056,100,PENDING,215.98
SPO00326,SUP_BANGKOK_DIST,2024-12-30,2024-04-01,SKU046,500,DELIVERED,168.99
SPO00327,SUP_GLOBAL_IMPORT,2024-01-09,2024-12-01,SKU063,500,DELIVERED,211.23
SPO00328,SUP_LOCAL_SME,2023-07-20,2024-03-26,SKU008,100,DELIVERED,231.99
SPO00329,SUP_LOCAL_SME,2024-04-14,2023-04-29,SKU055,100,DELIVERED,187.79
SPO00330,SUP_GLOBAL_IMPORT,2024-10-01,2024-01-06,SKU043,200,DELIVERED,30.35
SPO00331,SUP_LOCAL_SME,2023-07-25,2024-08-07,SKU023,500,DELIVERED,84.0
SPO00332,SUP_BANGKOK_DIST,2024-12-12,2024-12-04,SKU016,1000,DELIVERED,66.1
SPO00333,SUP_GLOBAL_IMPORT,2023-07-06,2024-05-16,SKU052,100,DELIVERED,177.24
SPO00334,SUP_GLOBAL_IMPORT,2023-05-11,2024-04-04,SKU054,100,DELIVERED,211.63
SPO00335,SUP_GLOBAL_IMPORT,2023-04-01,2023-10-31,SKU076,200,DELIVERED,169.52
SPO00336,SUP_GLOBAL_IMPORT,2024-08-16,2024-09-08,SKU037,200,PENDING,104.9
SPO00337,SUP_GLOBAL_IMPORT,2023-03-19,2024-10-02,SKU067,1000,DELIVERED,59.2
SPO00338,SUP_LOCAL_SME,2023-09-22,2023-03-28,SKU018,100,DELIVERED,138.92
SPO00339,SUP_BANGKOK_DIST,2023-09-07,2023-07-23,SKU059,500,DELIVERED,33.26
SPO00340,SUP_LOCAL_SME,2024-09-30,2023-09-22,SKU001,500,DELIVERED,125.14
SPO00341,SUP_BANGKOK_DIST,2024-12-21,2023-11-24,SKU019,500,DELIVERED,98.99
SPO00342,SUP_BANGKOK_DIST,2023-01-14,2023-01-14,SKU013,200,DELIVERED,234.45
SPO00343,SUP_BANGKOK_DIST,2024-04-14,2023-01-10,SKU033,1000,CANCELLED,46.45
SPO00344,SUP_BANGKOK_DIST,2023-01-22,2024-10-28,SKU022,1000,DELIVERED,59.46
SPO00345,SUP_BANGKOK_DIST,2024-01-06,2024-06-20,SKU027,1000,DELIVERED,67.42
SPO00346,SUP_GLOBAL_IMPORT,2024-12-10,2024-08-01,SKU050,100,DELIVERED,66.88
SPO00347,SUP_GLOBAL_IMPORT,2023-10-19,2024-07-28,SKU077,100,PENDING,212.2
SPO00348,SUP_GLOBAL_IMPORT,2024-05-04,2023-02-08,SKU072,1000,DELIVERED,62.45
SPO00349,SUP_GLOBAL_IMPORT,2024-11-18,2023-11-21,SKU053,1000,DELIVERED,200.44
SPO00350,SUP_LOCAL_SME,2023-09-07,2023-12-23,SKU060,1000,DELIVERED,116.73
SPO00351,SUP_LOCAL_SME,2024-03-07,2023-06-30,SKU050,200,DELIVERED,66.88
SPO00352,SUP_GLOBAL_IMPORT,2023-02-21,2023-11-26,SKU066,1000,DELIVERED,119.85
SPO00353,SUP_GLOBAL_IMPORT,2023-04-27,2024-02-19,SKU024,500,DELIVERED,107.8
SPO00354,SUP_BANGKOK_DIST,2023-12-09,2024-02-13,SKU069,100,DELIVERED,34.28
SPO00355,SUP_BANGKOK_DIST,2024-05-19,2023-09-08,SKU008,500,DELIVERED,231.99
SPO00356,SUP_BANGKOK_DIST,2024-10-17,2023-02-22,SKU020,100,PENDING,76.33
SPO00357,SUP_GLOBAL_IMPORT,2024-08-23,2023-01-15,SKU066,200,DELIVERED,119.85
SPO00358,SUP_GLOBAL_IMPORT,2023-04-28,2023-08-03,SKU070,200,DELIVERED,225.18
SPO00359,SUP_LOCAL_SME,2023-03-26,2024-02-29,SKU059,500,PENDING,33.26
SPO00360,SUP_BANGKOK_DIST,2023-12-03,2024-12-12,SKU080,200,DELIVERED,55.73
SPO00361,SUP_BANGKOK_DIST,2023-02-08,2024-11-30,SKU047,100,DELIVERED,107.24
SPO00362,SUP_LOCAL_SME,2024-12-19,2023-11-08,SKU036,200,DELIVERED,237.63
SPO00363,SUP_BANGKOK_DIST,2023-04-09,2023-03-18,SKU002,500,DELIVERED,250.69
SPO00364,SUP_BANGKOK_DIST,2023-02-14,2025-01-05,SKU064,200,DELIVERED,96.89
SPO00365,SUP_GLOBAL_IMPORT,2023-03-12,2023-06-02,SKU078,1000,DELIVERED,46.02
SPO00366,SUP_LOCAL_SME,2024-02-11,2024-03-16,SKU038,100,DELIVERED,41.09
SPO00367,SUP_LOCAL_SME,2024-12-26,2024-06-03,SKU026,200,CANCELLED,181.44
SPO00368,SUP_BANGKOK_DIST,2023-06-05,2023-02-17,SKU020,100,DELIVERED,76.33
SPO00369,SUP_LOCAL_SME,2024-03-05,2023-09-13,SKU004,500,DELIVERED,131.82
SPO00370,SUP_BANGKOK_DIST,2023-01-10,2024-11-14,SKU065,1000,DELIVERED,80.62
SPO00371,SUP_BANGKOK_DIST,2023-02-01,2024-04-05,SKU014,100,DELIVERED,74.56
SPO00372,SUP_GLOBAL_IMPORT,2024-05-31,2023-03-17,SKU035,1000,DELIVERED,255.19
SPO00373,SUP_GLOBAL_IMPORT,2023-02-03,2023-11-20,SKU052,1000,DELIVERED,177.24
SPO00374,SUP_BANGKOK_DIST,2023-05-18,2023-09-10,SKU023,1000,DELIVERED,84.0
SPO00375,SUP_LOCAL_SME,2024-02-15,2023-10-20,SKU020,200,DELIVERED,76.33
SPO00376,SUP_LOCAL_SME,2023-12-24,2023-03-05,SKU027,200,DELIVERED,67.42
SPO00377,SUP_GLOBAL_IMPORT,2024-07-27,2024-07-16,SKU041,500,DELIVERED,58.91
SPO00378,SUP_BANGKOK_DIST,2024-08-08,2023-06-16,SKU078,200,DELIVERED,46.02
SPO00379,SUP_BANGKOK_DIST,2023-08-02,2023-01-05,SKU036,500,DELIVERED,237.63
SPO00380,SUP_GLOBAL_IMPORT,2024-11-16,2023-09-04,SKU004,500,PENDING,131.82
SPO00381,SUP_BANGKOK_DIST,2023-09-25,2024-11-10,SKU026,1000,DELIVERED,181.44
SPO00382,SUP_GLOBAL_IMPORT,2024-04-24,2023-06-27,SKU040,100,DELIVERED,125.99
SPO00383,SUP_BANGKOK_DIST,2023-12-11,2023-09-02,SKU080,200,DELIVERED,55.73
SPO00384,SUP_LOCAL_SME,2024-09-04,2023-02-08,SKU074,100,DELIVERED,207.6
SPO00385,SUP_GLOBAL_IMPORT,2024-04-11,2023-07-28,SKU066,500,DELIVERED,119.85
SPO00386,SUP_BANGKOK_DIST,2024-07-23,2023-03-27,SKU073,500,DELIVERED,22.51
SPO00387,SUP_BANGKOK_DIST,2023-07-28,2024-02-07,SKU003,500,DELIVERED,176.87
SPO00388,SUP_GLOBAL_IMPORT,2023-08-14,2023-05-12,SKU064,1000,DELIVERED,96.89
SPO00389,SUP_BANGKOK_DIST,2023-11-23,2024-10-19,SKU029,100,DELIVERED,141.12
SPO00390,SUP_BANGKOK_DIST,2023-10-23,2023-08-21,SKU054,1000,DELIVERED,211.63
SPO00391,SUP_BANGKOK_DIST,2024-06-03,2023-01-13,SKU007,100,DELIVERED,41.57
SPO00392,SUP_GLOBAL_IMPORT,2024-05-27,2024-07-10,SKU025,1000,DELIVERED,148.42
SPO00393,SUP_LOCAL_SME,2024-12-31,2024-11-30,SKU024,500,DELIVERED,107.8
SPO00394,SUP_BANGKOK_DIST,2023-07-31,2024-11-29,SKU043,200,DELIVERED,30.35
SPO00395,SUP_GLOBAL_IMPORT,2024-01-02,2024-11-02,SKU006,1000,DELIVERED,55.9
SPO00396,SUP_GLOBAL_IMPORT,2024-05-18,2024-05-08,SKU015,1000,DELIVERED,73.05
SPO00397,SUP_BANGKOK_DIST,2023-04-02,2024-01-31,SKU079,200,DELIVERED,94.57
SPO00398,SUP_GLOBAL_IMPORT,2024-09-06,2023-01-18,SKU040,200,DELIVERED,125.99
SPO00399,SUP_BANGKOK_DIST,2023-07-11,2024-06-12,SKU061,1000,DELIVERED,133.25
SPO00400,SUP_GLOBAL_IMPORT,2023-04-21,2024-12-28,SKU021,500,PENDING,132.18
SPO00401,SUP_LOCAL_SME,2023-10-18,2024-10-30,SKU058,500,DELIVERED,74.71
SPO00402,SUP_LOCAL_SME,2024-08-07,2024-03-19,SKU032,200,DELIVERED,54.78
SPO00403,SUP_LOCAL_SME,2024-02-17,2023-07-10,SKU012,1000,PENDING,263.98
SPO00404,SUP_LOCAL_SME,2024-04-28,2023-02-15,SKU009,100,DELIVERED,185.07
SPO00405,SUP_LOCAL_SME,2024-08-06,2024-01-01,SKU020,200,DELIVERED,76.33
SPO00406,SUP_LOCAL_SME,2023-04-04,2023-03-28,SKU015,100,DELIVERED,73.05
SPO00407,SUP_LOCAL_SME,2023-09-16,2024-12-23,SKU077,200,DELIVERED,212.2
SPO00408,SUP_BANGKOK_DIST,2024-01-29,2023-04-15,SKU008,1000,DELIVERED,231.99
SPO00409,SUP_BANGKOK_DIST,2023-09-06,2024-05-02,SKU021,500,DELIVERED,132.18
SPO00410,SUP_BANGKOK_DIST,2024-12-28,2024-04-14,SKU045,200,DELIVERED,74.17
SPO00411,SUP_GLOBAL_IMPORT,2024-06-01,2024-03-23,SKU040,100,DELIVERED,125.99
SPO00412,SUP_GLOBAL_IMPORT,2024-02-28,2023-10-09,SKU006,1000,DELIVERED,55.9
SPO00413,SUP_LOCAL_SME,2024-10-10,2024-01-11,SKU011,1000,DELIVERED,25.12
SPO00414,SUP_LOCAL_SME,2024-02-01,2024-11-07,SKU064,1000,DELIVERED,96.89
SPO00415,SUP_GLOBAL_IMPORT,2023-10-18,2024-07-05,SKU042,100,DELIVERED,158.03
SPO00416,SUP_LOCAL_SME,2024-11-26,2023-11-27,SKU059,200,DELIVERED,33.26
SPO00417,SUP_GLOBAL_IMPORT,2023-09-03,2023-07-07,SKU008,500,DELIVERED,231.99
SPO00418,SUP_LOCAL_SME,2023-06-09,2024-04-16,SKU072,500,DELIVERED,62.45
SPO00419,SUP_LOCAL_SME,2023-01-24,2024-06-29,SKU055,100,PENDING,187.79
SPO00420,SUP_LOCAL_SME,2023-08-01,2023-03-26,SKU039,500,DELIVERED,207.05
SPO00421,SUP_GLOBAL_IMPORT,2023-04-04,2024-08-23,SKU051,200,DELIVERED,235.12
SPO00422,SUP_LOCAL_SME,2024-05-21,2024-10-03,SKU055,100,DELIVERED,187.79
SPO00423,SUP_GLOBAL_IMPORT,2024-12-10,2024-10-24,SKU076,100,DELIVERED,169.52
SPO00424,SUP_LOCAL_SME,2023-05-23,2024-01-10,SKU003,200,DELIVERED,176.87
SPO00425,SUP_BANGKOK_DIST,2024-11-04,2024-01-13,SKU043,1000,DELIVERED,30.35
SPO00426,SUP_BANGKOK_DIST,2024-02-22,2024-09-17,SKU045,200,DELIVERED,74.17
SPO00427,SUP_GLOBAL_IMPORT,2024-03-09,2023-06-01,SKU080,200,DELIVERED,55.73
SPO00428,SUP_BANGKOK_DIST,2024-01-09,2024-02-13,SKU016,500,DELIVERED,66.1
SPO00429,SUP_BANGKOK_DIST,2023-05-30,2023-12-18,SKU005,500,DELIVERED,55.56
SPO00430,SUP_LOCAL_SME,2024-06-14,2023-05-04,SKU040,500,DELIVERED,125.99
SPO00431,SUP_LOCAL_SME,2023-05-26,2023-07-15,SKU076,1000,DELIVERED,169.52
SPO00432,SUP_LOCAL_SME,2023-11-14,2024-03-19,SKU067,200,DELIVERED,59.2
SPO00433,SUP_GLOBAL_IMPORT,2024-02-07,2023-03-25,SKU045,500,DELIVERED,74.17
SPO00434,SUP_LOCAL_SME,2024-07-05,2024-03-30,SKU003,1000,DELIVERED,176.87
SPO00435,SUP_LOCAL_SME,2023-12-08,2024-12-03,SKU031,500,DELIVERED,148.1
SPO00436,SUP_GLOBAL_IMPORT,2023-09-28,2024-12-12,SKU024,200,DELIVERED,107.8
SPO00437,SUP_LOCAL_SME,2024-08-29,2024-06-03,SKU029,200,CANCELLED,141.12
SPO00438,SUP_BANGKOK_DIST,2023-06-20,2024-03-04,SKU055,200,DELIVERED,187.79
SPO00439,SUP_LOCAL_SME,2024-05-25,2024-03-14,SKU033,100,PENDING,46.45
SPO00440,SUP_GLOBAL_IMPORT,2024-11-16,2024-08-25,SKU051,200,DELIVERED,235.12
SPO00441,SUP_GLOBAL_IMPORT,2023-05-12,2024-02-17,SKU080,200,DELIVERED,55.73
SPO00442,SUP_BANGKOK_DIST,2023-10-25,2023-05-25,SKU074,500,PENDING,207.6
SPO00443,SUP_LOCAL_SME,2023-01-03,2024-02-21,SKU030,100,PENDING,29.45
SPO00444,SUP_BANGKOK_DIST,2023-02-10,2024-04-02,SKU061,500,DELIVERED,133.25
SPO00445,SUP_LOCAL_SME,2023-02-05,2023-08-15,SKU060,1000,DELIVERED,116.73
SPO00446,SUP_GLOBAL_IMPORT,2024-12-06,2024-01-21,SKU035,1000,PENDING,255.19
SPO00447,SUP_GLOBAL_IMPORT,2024-11-22,2024-05-24,SKU007,100,DELIVERED,41.57
SPO00448,SUP_BANGKOK_DIST,2024-11-04,2024-04-16,SKU006,200,DELIVERED,55.9
SPO00449,SUP_GLOBAL_IMPORT,2023-05-25,2023-07-26,SKU015,100,PENDING,73.05
SPO00450,SUP_GLOBAL_IMPORT,2023-01-22,2024-06-26,SKU066,200,DELIVERED,119.85
SPO00451,SUP_LOCAL_SME,2024-07-13,2023-10-23,SKU017,1000,DELIVERED,94.3
SPO00452,SUP_BANGKOK_DIST,2024-02-05,2023-06-26,SKU019,1000,DELIVERED,98.99
SPO00453,SUP_BANGKOK_DIST,2024-11-11,2023-05-27,SKU014,100,DELIVERED,74.56
SPO00454,SUP_LOCAL_SME,2023-02-20,2024-12-11,SKU049,500,DELIVERED,118.82
SPO00455,SUP_LOCAL_SME,2023-03-30,2023-10-30,SKU051,1000,DELIVERED,235.12
SPO00456,SUP_BANGKOK_DIST,2023-11-08,2024-01-27,SKU034,100,DELIVERED,267.89
SPO00457,SUP_GLOBAL_IMPORT,2024-11-13,2023-11-10,SKU021,100,DELIVERED,132.18
SPO00458,SUP_BANGKOK_DIST,2024-01-22,2024-02-10,SKU048,1000,DELIVERED,162.51
SPO00459,SUP_LOCAL_SME,2023-01-18,2023-07-05,SKU067,200,DELIVERED,59.2
SPO00460,SUP_BANGKOK_DIST,2023-11-24,2024-03-13,SKU058,500,DELIVERED,74.71
SPO00461,SUP_GLOBAL_IMPORT,2023-03-30,2023-08-14,SKU078,500,DELIVERED,46.02
SPO00462,SUP_BANGKOK_DIST,2024-08-26,2023-11-07,SKU021,200,CANCELLED,132.18
SPO00463,SUP_BANGKOK_DIST,2023-01-25,2023-04-26,SKU027,1000,DELIVERED,67.42
SPO00464,SUP_GLOBAL_IMPORT,2024-07-26,2024-04-18,SKU071,1000,DELIVERED,231.21
SPO00465,SUP_GLOBAL_IMPORT,2023-12-13,2023-04-17,SKU029,200,DELIVERED,141.12
SPO00466,SUP_GLOBAL_IMPORT,2023-10-14,2023-11-05,SKU009,1000,DELIVERED,185.07
SPO00467,SUP_GLOBAL_IMPORT,2023-08-02,2024-10-10,SKU079,500,DELIVERED,94.57
SPO00468,SUP_LOCAL_SME,2023-05-27,2023-04-19,SKU044,100,PENDING,193.78
SPO00469,SUP_BANGKOK_DIST,2024-05-22,2023-07-14,SKU028,500,DELIVERED,155.09
SPO00470,SUP_BANGKOK_DIST,2023-04-28,2024-06-10,SKU038,500,DELIVERED,41.09
SPO00471,SUP_BANGKOK_DIST,2024-02-15,2023-05-02,SKU015,500,PENDING,73.05
SPO00472,SUP_BANGKOK_DIST,2024-10-29,2024-02-17,SKU015,1000,CANCELLED,73.05
SPO00473,SUP_BANGKOK_DIST,2023-07-27,2024-03-10,SKU030,200,DELIVERED,29.45
SPO00474,SUP_LOCAL_SME,2023-02-28,2024-03-05,SKU032,1000,DELIVERED,54.78
SPO00475,SUP_LOCAL_SME,2024-10-22,2024-05-07,SKU040,200,DELIVERED,125.99
SPO00476,SUP_BANGKOK_DIST,2024-12-13,2023-09-19,SKU076,100,DELIVERED,169.52
SPO00477,SUP_BANGKOK_DIST,2023-07-22,2023-11-22,SKU002,100,DELIVERED,250.69
SPO00478,SUP_BANGKOK_DIST,2023-08-29,2024-07-11,SKU022,500,DELIVERED,59.46
SPO00479,SUP_LOCAL_SME,2023-11-24,2024-02-07,SKU026,200,DELIVERED,181.44
SPO00480,SUP_BANGKOK_DIST,2024-03-06,2024-06-11,SKU040,500,DELIVERED,125.99
SPO00481,SUP_GLOBAL_IMPORT,2024-11-02,2023-01-26,SKU008,1000,PENDING,231.99
SPO00482,SUP_LOCAL_SME,2023-08-11,2024-01-28,SKU036,200,DELIVERED,237.63
SPO00483,SUP_GLOBAL_IMPORT,2024-01-26,2024-07-29,SKU026,500,DELIVERED,181.44
SPO00484,SUP_GLOBAL_IMPORT,2024-09-04,2023-01-06,SKU007,1000,DELIVERED,41.57
SPO00485,SUP_GLOBAL_IMPORT,2024-12-30,2023-10-18,SKU001,100,DELIVERED,125.14
SPO00486,SUP_LOCAL_SME,2023-07-25,2023-08-19,SKU032,500,DELIVERED,54.78
SPO00487,SUP_GLOBAL_IMPORT,2023-01-14,2024-12-06,SKU078,200,DELIVERED,46.02
SPO00488,SUP_BANGKOK_DIST,2023-04-02,2024-10-21,SKU009,200,CANCELLED,185.07
SPO00489,SUP_BANGKOK_DIST,2023-03-01,2024-02-23,SKU059,1000,DELIVERED,33.26
SPO00490,SUP_GLOBAL_IMPORT,2023-02-28,2023-08-28,SKU044,500,DELIVERED,193.78
SPO00491,SUP_LOCAL_SME,2023-02-08,2023-03-26,SKU065,100,DELIVERED,80.62
SPO00492,SUP_BANGKOK_DIST,2024-08-26,2024-08-16,SKU021,500,DELIVERED,132.18
SPO00493,SUP_LOCAL_SME,2023-02-23,2023-06-05,SKU020,500,DELIVERED,76.33
SPO00494,SUP_BANGKOK_DIST,2024-06-22,2024-09-02,SKU049,200,PENDING,118.82
SPO00495,SUP_LOCAL_SME,2024-09-01,2024-11-15,SKU033,1000,DELIVERED,46.45
SPO00496,SUP_BANGKOK_DIST,2024-08-25,2023-06-26,SKU018,200,DELIVERED,138.92
SPO00497,SUP_GLOBAL_IMPORT,2023-08-29,2023-03-06,SKU041,100,DELIVERED,58.91
SPO00498,SUP_GLOBAL_IMPORT,2023-03-09,2023-12-10,SKU017,500,DELIVERED,94.3
SPO00499,SUP_GLOBAL_IMPORT,2024-07-20,2023-08-21,SKU013,100,DELIVERED,234.45
SPO00500,SUP_LOCAL_SME,2024-03-30,2023-03-09,SKU043,1000,DELIVERED,30.35
SPO00501,SUP_GLOBAL_IMPORT,2024-06-17,2023-09-30,SKU073,1000,DELIVERED,22.51
SPO00502,SUP_LOCAL_SME,2023-04-27,2024-01-29,SKU065,500,DELIVERED,80.62
SPO00503,SUP_BANGKOK_DIST,2023-01-04,2024-12-06,SKU023,1000,PENDING,84.0
SPO00504,SUP_BANGKOK_DIST,2023-11-14,2024-08-17,SKU040,100,DELIVERED,125.99
SPO00505,SUP_LOCAL_SME,2024-06-28,2023-03-31,SKU034,500,DELIVERED,267.89
SPO00506,SUP_GLOBAL_IMPORT,2023-02-15,2024-04-10,SKU036,1000,DELIVERED,237.63
SPO00507,SUP_LOCAL_SME,2023-06-27,2023-05-18,SKU050,100,DELIVERED,66.88
SPO00508,SUP_LOCAL_SME,2024-06-23,2023-06-14,SKU078,500,DELIVERED,46.02
SPO00509,SUP_LOCAL_SME,2024-10-21,2024-05-08,SKU030,1000,CANCELLED,29.45
SPO00510,SUP_BANGKOK_DIST,2023-08-25,2024-06-18,SKU040,200,DELIVERED,125.99
SPO00511,SUP_BANGKOK_DIST,2023-12-10,2023-01-23,SKU012,500,DELIVERED,263.98
SPO00512,SUP_BANGKOK_DIST,2024-12-16,2024-07-05,SKU001,500,DELIVERED,125.14
SPO00513,SUP_GLOBAL_IMPORT,2023-10-13,2024-04-09,SKU016,200,PENDING,66.1
SPO00514,SUP_BANGKOK_DIST,2023-03-08,2024-08-25,SKU050,1000,DELIVERED,66.88
SPO00515,SUP_BANGKOK_DIST,2023-12-10,2024-10-31,SKU043,500,DELIVERED,30.35
SPO00516,SUP_LOCAL_SME,2024-07-10,2024-05-10,SKU060,100,DELIVERED,116.73
SPO00517,SUP_GLOBAL_IMPORT,2024-09-06,2024-11-29,SKU005,1000,PENDING,55.56
SPO00518,SUP_LOCAL_SME,2023-07-04,2024-06-28,SKU021,500,DELIVERED,132.18
SPO00519,SUP_LOCAL_SME,2024-10-01,2024-06-24,SKU065,100,DELIVERED,80.62
SPO00520,SUP_LOCAL_SME,2024-11-30,2023-09-22,SKU021,200,DELIVERED,132.18
SPO00521,SUP_LOCAL_SME,2023-02-21,2024-05-07,SKU071,100,DELIVERED,231.21
SPO00522,SUP_BANGKOK_DIST,2024-09-28,2024-08-24,SKU065,1000,DELIVERED,80.62
SPO00523,SUP_GLOBAL_IMPORT,2023-08-24,2024-04-10,SKU023,200,DELIVERED,84.0
SPO00524,SUP_BANGKOK_DIST,2023-02-20,2024-09-08,SKU060,100,DELIVERED,116.73
SPO00525,SUP_LOCAL_SME,2023-09-26,2023-11-23,SKU002,1000,PENDING,250.69
SPO00526,SUP_BANGKOK_DIST,2024-12-24,2023-05-21,SKU034,200,PENDING,267.89
SPO00527,SUP_GLOBAL_IMPORT,2023-08-14,2024-05-19,SKU057,1000,DELIVERED,45.25
SPO00528,SUP_BANGKOK_DIST,2024-10-10,2023-04-28,SKU016,500,DELIVERED,66.1
SPO00529,SUP_BANGKOK_DIST,2024-03-30,2024-07-18,SKU074,1000,DELIVERED,207.6
SPO00530,SUP_GLOBAL_IMPORT,2024-03-03,2023-12-15,SKU048,100,DELIVERED,162.51
SPO00531,SUP_LOCAL_SME,2024-03-10,2024-01-06,SKU025,1000,DELIVERED,148.42
SPO00532,SUP_LOCAL_SME,2023-04-01,2023-04-14,SKU068,1000,DELIVERED,205.72
SPO00533,SUP_LOCAL_SME,2023-09-06,2024-10-02,SKU032,200,CANCELLED,54.78
SPO00534,SUP_GLOBAL_IMPORT,2024-03-03,2024-11-11,SKU045,1000,DELIVERED,74.17
SPO00535,SUP_BANGKOK_DIST,2024-02-08,2023-01-15,SKU040,1000,DELIVERED,125.99
SPO00536,SUP_LOCAL_SME,2023-06-24,2023-03-25,SKU013,500,DELIVERED,234.45
SPO00537,SUP_GLOBAL_IMPORT,2024-06-30,2023-08-12,SKU005,500,DELIVERED,55.56
SPO00538,SUP_GLOBAL_IMPORT,2024-10-20,2024-12-09,SKU017,200,DELIVERED,94.3
SPO00539,SUP_GLOBAL_IMPORT,2023-01-26,2023-11-22,SKU071,200,DELIVERED,231.21
SPO00540,SUP_LOCAL_SME,2024-06-08,2023-09-09,SKU010,100,PENDING,182.27
SPO00541,SUP_GLOBAL_IMPORT,2023-03-26,2024-02-25,SKU059,200,CANCELLED,33.26
SPO00542,SUP_LOCAL_SME,2023-05-24,2023-04-10,SKU035,1000,DELIVERED,255.19
SPO00543,SUP_BANGKOK_DIST,2023-05-21,2024-09-07,SKU023,500,DELIVERED,84.0
SPO00544,SUP_GLOBAL_IMPORT,2024-11-21,2024-01-15,SKU056,200,DELIVERED,215.98
SPO00545,SUP_GLOBAL_IMPORT,2024-10-12,2024-04-07,SKU016,100,DELIVERED,66.1
SPO00546,SUP_LOCAL_SME,2024-03-15,2024-03-02,SKU052,1000,DELIVERED,177.24
SPO00547,SUP_LOCAL_SME,2024-06-16,2024-03-10,SKU027,100,DELIVERED,67.42
SPO00548,SUP_LOCAL_SME,2023-03-10,2023-11-15,SKU015,100,DELIVERED,73.05
SPO00549,SUP_BANGKOK_DIST,2023-12-24,2024-02-28,SKU062,100,DELIVERED,77.51
SPO00550,SUP_LOCAL_SME,2024-08-08,2024-05-20,SKU006,100,CANCELLED,55.9
SPO00551,SUP_GLOBAL_IMPORT,2023-11-07,2024-06-05,SKU024,1000,DELIVERED,107.8
SPO00552,SUP_BANGKOK_DIST,2024-04-14,2023-04-07,SKU005,1000,DELIVERED,55.56
SPO00553,SUP_LOCAL_SME,2024-12-15,2023-08-11,SKU071,100,PENDING,231.21
SPO00554,SUP_LOCAL_SME,2023-09-20,2024-12-14,SKU053,1000,DELIVERED,200.44
SPO00555,SUP_GLOBAL_IMPORT,2024-04-13,2024-09-03,SKU031,200,DELIVERED,148.1
SPO00556,SUP_GLOBAL_IMPORT,2023-01-04,2024-08-23,SKU035,1000,DELIVERED,255.19
SPO00557,SUP_LOCAL_SME,2023-12-22,2023-03-01,SKU019,1000,PENDING,98.99
SPO00558,SUP_BANGKOK_DIST,2023-08-14,2024-06-30,SKU034,100,DELIVERED,267.89
SPO00559,SUP_LOCAL_SME,2023-03-17,2024-12-17,SKU001,1000,DELIVERED,125.14
SPO00560,SUP_BANGKOK_DIST,2023-04-01,2023-04-30,SKU041,200,DELIVERED,58.91
SPO00561,SUP_GLOBAL_IMPORT,2023-02-07,2024-10-22,SKU053,1000,DELIVERED,200.44
SPO00562,SUP_GLOBAL_IMPORT,2023-12-24,2024-05-28,SKU080,200,DELIVERED,55.73
SPO00563,SUP_BANGKOK_DIST,2024-11-28,2024-03-17,SKU064,1000,DELIVERED,96.89
SPO00564,SUP_BANGKOK_DIST,2024-07-15,2023-12-26,SKU040,500,DELIVERED,125.99
SPO00565,SUP_GLOBAL_IMPORT,2023-08-06,2024-12-07,SKU062,1000,DELIVERED,77.51
SPO00566,SUP_BANGKOK_DIST,2024-11-21,2023-06-27,SKU055,200,CANCELLED,187.79
SPO00567,SUP_GLOBAL_IMPORT,2023-09-08,2024-02-06,SKU011,200,DELIVERED,25.12
SPO00568,SUP_LOCAL_SME,2023-01-09,2024-12-11,SKU052,200,DELIVERED,177.24
SPO00569,SUP_BANGKOK_DIST,2024-09-19,2024-03-09,SKU026,100,DELIVERED,181.44
SPO00570,SUP_BANGKOK_DIST,2024-03-19,2023-09-07,SKU074,200,DELIVERED,207.6
SPO00571,SUP_GLOBAL_IMPORT,2024-05-24,2024-05-02,SKU048,1000,DELIVERED,162.51
SPO00572,SUP_BANGKOK_DIST,2023-07-27,2024-06-27,SKU045,500,DELIVERED,74.17
SPO00573,SUP_BANGKOK_DIST,2024-09-11,2023-10-08,SKU033,200,DELIVERED,46.45
SPO00574,SUP_LOCAL_SME,2024-04-03,2023-02-09,SKU064,100,DELIVERED,96.89
SPO00575,SUP_GLOBAL_IMPORT,2024-09-25,2023-11-21,SKU078,1000,DELIVERED,46.02
SPO00576,SUP_BANGKOK_DIST,2024-05-30,2024-09-10,SKU009,200,DELIVERED,185.07
SPO00577,SUP_LOCAL_SME,2023-10-25,2023-09-11,SKU078,100,DELIVERED,46.02
SPO00578,SUP_LOCAL_SME,2023-05-23,2024-11-22,SKU002,100,DELIVERED,250.69
SPO00579,SUP_LOCAL_SME,2023-04-07,2024-09-11,SKU075,100,PENDING,219.8
SPO00580,SUP_BANGKOK_DIST,2024-07-25,2023-11-03,SKU014,200,DELIVERED,74.56
SPO00581,SUP_GLOBAL_IMPORT,2024-08-21,2024-06-16,SKU036,200,DELIVERED,237.63
SPO00582,SUP_LOCAL_SME,2023-05-08,2024-06-02,SKU035,200,DELIVERED,255.19
SPO00583,SUP_BANGKOK_DIST,2023-11-12,2023-12-23,SKU064,500,DELIVERED,96.89
SPO00584,SUP_GLOBAL_IMPORT,2023-05-24,2024-03-10,SKU025,500,DELIVERED,148.42
SPO00585,SUP_GLOBAL_IMPORT,2024-11-14,2024-12-03,SKU009,1000,DELIVERED,185.07
SPO00586,SUP_LOCAL_SME,2024-03-08,2024-08-29,SKU077,1000,DELIVERED,212.2
SPO00587,SUP_BANGKOK_DIST,2024-09-12,2023-05-10,SKU043,100,DELIVERED,30.35
SPO00588,SUP_LOCAL_SME,2023-08-27,2024-05-12,SKU010,500,PENDING,182.27
SPO00589,SUP_GLOBAL_IMPORT,2024-04-30,2023-08-18,SKU057,200,DELIVERED,45.25
SPO00590,SUP_BANGKOK_DIST,2024-02-22,2024-10-12,SKU033,1000,PENDING,46.45
SPO00591,SUP_LOCAL_SME,2023-12-31,2023-06-02,SKU009,200,DELIVERED,185.07
SPO00592,SUP_GLOBAL_IMPORT,2024-10-25,2023-12-19,SKU054,200,DELIVERED,211.63
SPO00593,SUP_BANGKOK_DIST,2023-01-30,2024-03-28,SKU013,500,PENDING,234.45
SPO00594,SUP_BANGKOK_DIST,2023-04-17,2023-03-19,SKU024,1000,PENDING,107.8
SPO00595,SUP_LOCAL_SME,2024-02-20,2024-12-25,SKU062,100,PENDING,77.51
SPO00596,SUP_LOCAL_SME,2024-05-12,2023-07-12,SKU040,1000,DELIVERED,125.99
SPO00597,SUP_GLOBAL_IMPORT,2024-03-13,2024-07-27,SKU059,1000,DELIVERED,33.26
SPO00598,SUP_LOCAL_SME,2024-05-05,2024-10-13,SKU056,1000,PENDING,215.98
SPO00599,SUP_BANGKOK_DIST,2024-12-07,2023-09-23,SKU064,500,DELIVERED,96.89
SPO00600,SUP_LOCAL_SME,2023-04-11,2024-03-10,SKU060,1000,DELIVERED,116.73
